{"cameraMode":{"drawMode":0,"name":"Shaded","section":"Shading Mode"},"sceneLighting":false,"audioPlay":false,"sceneViewState":{"showFog":true,"showMaterialUpdate":false,"showSkybox":true,"showFlares":true,"showImageEffects":true,"showParticleSystems":true},"in2DMode":false,"pivot":{"x":0.22530722618103028,"y":0.7397563457489014,"z":5.732132911682129},"rotation":{"x":-0.21224723756313325,"y":0.1450835019350052,"z":-0.03189326450228691,"w":-0.9658768177032471},"size":9.43648624420166,"orthographic":false}