{"cameraMode":{"drawMode":0,"name":"Shaded","section":"Shading Mode"},"sceneLighting":false,"audioPlay":false,"sceneViewState":{"showFog":true,"showMaterialUpdate":false,"showSkybox":true,"showFlares":true,"showImageEffects":true,"showParticleSystems":true},"in2DMode":false,"pivot":{"x":12.56817626953125,"y":8.300537109375,"z":0.09531211853027344},"rotation":{"x":-0.07038147747516632,"y":-0.04158575460314751,"z":0.0029605801682919266,"w":-0.9966756701469421},"size":35.262882232666019,"orthographic":true}